{
    "model": "XGBoost",
    "metrics": {
        "accuracy": 0.7922077922077922,
        "precision": 0.8421052631578947,
        "recall": 0.8727272727272727,
        "f1_score": 0.8571428571428571
    },
    "classification_report": {
        "0": {
            "precision": 0.65,
            "recall": 0.5909090909090909,
            "f1-score": 0.6190476190476191,
            "support": 22.0
        },
        "1": {
            "precision": 0.8421052631578947,
            "recall": 0.8727272727272727,
            "f1-score": 0.8571428571428571,
            "support": 55.0
        },
        "accuracy": 0.7922077922077922,
        "macro avg": {
            "precision": 0.7460526315789473,
            "recall": 0.7318181818181818,
            "f1-score": 0.7380952380952381,
            "support": 77.0
        },
        "weighted avg": {
            "precision": 0.7872180451127818,
            "recall": 0.7922077922077922,
            "f1-score": 0.7891156462585034,
            "support": 77.0
        }
    },
    "confusion_matrix": [
        [
            13,
            9
        ],
        [
            7,
            48
        ]
    ]
}