{
    "metrics": {
        "accuracy": 0.8571428571428571,
        "precision": 0.8548387096774194,
        "recall": 0.9636363636363636,
        "f1_score": 0.905982905982906
    },
    "classification_report": {
        "0": {
            "precision": 0.8666666666666667,
            "recall": 0.5909090909090909,
            "f1-score": 0.7027027027027027,
            "support": 22.0
        },
        "1": {
            "precision": 0.8548387096774194,
            "recall": 0.9636363636363636,
            "f1-score": 0.905982905982906,
            "support": 55.0
        },
        "accuracy": 0.8571428571428571,
        "macro avg": {
            "precision": 0.8607526881720431,
            "recall": 0.7772727272727273,
            "f1-score": 0.8043428043428044,
            "support": 77.0
        },
        "weighted avg": {
            "precision": 0.8582181259600614,
            "recall": 0.8571428571428571,
            "f1-score": 0.847902847902848,
            "support": 77.0
        }
    },
    "confusion_matrix": [
        [
            13,
            9
        ],
        [
            2,
            53
        ]
    ]
}