{
    "model": "LogisticRegression",
    "metrics": {
        "accuracy": 0.8441558441558441,
        "precision": 0.8909090909090909,
        "recall": 0.8909090909090909,
        "f1_score": 0.8909090909090909
    },
    "classification_report": {
        "0": {
            "precision": 0.7272727272727273,
            "recall": 0.7272727272727273,
            "f1-score": 0.7272727272727273,
            "support": 22.0
        },
        "1": {
            "precision": 0.8909090909090909,
            "recall": 0.8909090909090909,
            "f1-score": 0.8909090909090909,
            "support": 55.0
        },
        "accuracy": 0.8441558441558441,
        "macro avg": {
            "precision": 0.8090909090909091,
            "recall": 0.8090909090909091,
            "f1-score": 0.8090909090909091,
            "support": 77.0
        },
        "weighted avg": {
            "precision": 0.8441558441558441,
            "recall": 0.8441558441558441,
            "f1-score": 0.8441558441558441,
            "support": 77.0
        }
    },
    "confusion_matrix": [
        [
            16,
            6
        ],
        [
            6,
            49
        ]
    ]
}